"UTLA20CD","UTLA20NM","LSOA11CD","LSOA11NM","NOMIS Code"
"E06000058","Bournemouth, Christchurch and Poole","E01015272","Bournemouth 016A",1249917408
"E06000058","Bournemouth, Christchurch and Poole","E01015374","Bournemouth 009C",1249917507
"E06000058","Bournemouth, Christchurch and Poole","E01015273","Bournemouth 016B",1249917409
"E06000058","Bournemouth, Christchurch and Poole","E01020349","Christchurch 003A",1249922385
"E06000058","Bournemouth, Christchurch and Poole","E01015375","Bournemouth 009D",1249917508
"E06000058","Bournemouth, Christchurch and Poole","E01015274","Bournemouth 018A",1249917410
"E06000058","Bournemouth, Christchurch and Poole","E01020350","Christchurch 003B",1249922386
"E06000058","Bournemouth, Christchurch and Poole","E01015376","Bournemouth 013D",1249917509
"E06000058","Bournemouth, Christchurch and Poole","E01015275","Bournemouth 016C",1249917411
"E06000058","Bournemouth, Christchurch and Poole","E01020351","Christchurch 002A",1249922387
"E06000058","Bournemouth, Christchurch and Poole","E01015377","Bournemouth 009E",1249917510
"E06000058","Bournemouth, Christchurch and Poole","E01015276","Bournemouth 016D",1249917412
"E06000058","Bournemouth, Christchurch and Poole","E01020352","Christchurch 002B",1249922388
"E06000058","Bournemouth, Christchurch and Poole","E01015378","Bournemouth 010E",1249917511
"E06000058","Bournemouth, Christchurch and Poole","E01015277","Bournemouth 016E",1249917413
"E06000058","Bournemouth, Christchurch and Poole","E01020353","Christchurch 002C",1249922389
"E06000058","Bournemouth, Christchurch and Poole","E01015379","Poole 002A",1249917512
"E06000058","Bournemouth, Christchurch and Poole","E01015279","Bournemouth 019B",1249917414
"E06000058","Bournemouth, Christchurch and Poole","E01015323","Bournemouth 006B",1249917457
"E06000058","Bournemouth, Christchurch and Poole","E01015280","Bournemouth 019C",1249917415
"E06000058","Bournemouth, Christchurch and Poole","E01015281","Bournemouth 019D",1249917416
"E06000058","Bournemouth, Christchurch and Poole","E01015282","Bournemouth 019E",1249917417
"E06000058","Bournemouth, Christchurch and Poole","E01015380","Poole 007A",1249917513
"E06000058","Bournemouth, Christchurch and Poole","E01020354","Christchurch 007A",1249922390
"E06000058","Bournemouth, Christchurch and Poole","E01015283","Bournemouth 017A",1249917418
"E06000058","Bournemouth, Christchurch and Poole","E01015381","Poole 007B",1249917514
"E06000058","Bournemouth, Christchurch and Poole","E01020355","Christchurch 007B",1249922391
"E06000058","Bournemouth, Christchurch and Poole","E01015285","Bournemouth 021A",1249917419
"E06000058","Bournemouth, Christchurch and Poole","E01015382","Poole 007C",1249917515
"E06000058","Bournemouth, Christchurch and Poole","E01020356","Christchurch 007C",1249922392
"E06000058","Bournemouth, Christchurch and Poole","E01015286","Bournemouth 017C",1249917420
"E06000058","Bournemouth, Christchurch and Poole","E01015383","Poole 007D",1249917516
"E06000058","Bournemouth, Christchurch and Poole","E01020357","Christchurch 003C",1249922393
"E06000058","Bournemouth, Christchurch and Poole","E01015287","Bournemouth 017D",1249917421
"E06000058","Bournemouth, Christchurch and Poole","E01015384","Poole 007E",1249917517
"E06000058","Bournemouth, Christchurch and Poole","E01020358","Christchurch 003D",1249922394
"E06000058","Bournemouth, Christchurch and Poole","E01015288","Bournemouth 021B",1249917422
"E06000058","Bournemouth, Christchurch and Poole","E01015385","Poole 007F",1249917518
"E06000058","Bournemouth, Christchurch and Poole","E01020359","Christchurch 002D",1249922395
"E06000058","Bournemouth, Christchurch and Poole","E01015289","Bournemouth 021C",1249917423
"E06000058","Bournemouth, Christchurch and Poole","E01015386","Poole 009A",1249917519
"E06000058","Bournemouth, Christchurch and Poole","E01020360","Christchurch 006A",1249922396
"E06000058","Bournemouth, Christchurch and Poole","E01020361","Christchurch 006B",1249922397
"E06000058","Bournemouth, Christchurch and Poole","E01020362","Christchurch 007D",1249922398
"E06000058","Bournemouth, Christchurch and Poole","E01020363","Christchurch 005D",1249922399
"E06000058","Bournemouth, Christchurch and Poole","E01020364","Christchurch 006C",1249922400
"E06000058","Bournemouth, Christchurch and Poole","E01020365","Christchurch 001D",1249922401
"E06000058","Bournemouth, Christchurch and Poole","E01020366","Christchurch 002E",1249922402
"E06000058","Bournemouth, Christchurch and Poole","E01020367","Christchurch 006D",1249922403
"E06000058","Bournemouth, Christchurch and Poole","E01020368","Christchurch 006E",1249922404
"E06000058","Bournemouth, Christchurch and Poole","E01020369","Christchurch 004A",1249922405
"E06000058","Bournemouth, Christchurch and Poole","E01020370","Christchurch 004B",1249922406
"E06000058","Bournemouth, Christchurch and Poole","E01020371","Christchurch 004C",1249922407
"E06000058","Bournemouth, Christchurch and Poole","E01020372","Christchurch 004D",1249922408
"E06000058","Bournemouth, Christchurch and Poole","E01032659","Poole 015F",1249934437
"E06000058","Bournemouth, Christchurch and Poole","E01032660","Poole 015G",1249934438
"E06000058","Bournemouth, Christchurch and Poole","E01032661","Poole 015H",1249934439
"E06000058","Bournemouth, Christchurch and Poole","E01032662","Poole 015I",1249934440
"E06000058","Bournemouth, Christchurch and Poole","E01033241","Bournemouth 019F",1249934965
"E06000058","Bournemouth, Christchurch and Poole","E01033242","Bournemouth 017F",1249934966
"E06000058","Bournemouth, Christchurch and Poole","E01033283","Bournemouth 019G",1249935007
"E06000058","Bournemouth, Christchurch and Poole","E01033285","Bournemouth 017G",1249935008
"E06000058","Bournemouth, Christchurch and Poole","E01033286","Bournemouth 023C",1249935009
"E06000058","Bournemouth, Christchurch and Poole","E01033288","Bournemouth 023D",1249935010
"E06000059","Dorset","E01020373","East Dorset 001A",1249922409
"E06000059","Dorset","E01020374","East Dorset 001B",1249922410
"E06000059","Dorset","E01020375","East Dorset 009A",1249922411
"E06000059","Dorset","E01020376","East Dorset 009B",1249922412
"E06000059","Dorset","E01020377","East Dorset 007A",1249922413
"E06000059","Dorset","E01020378","East Dorset 009C",1249922414
"E06000059","Dorset","E01020379","East Dorset 007B",1249922415
"E06000059","Dorset","E01020380","East Dorset 007C",1249922416
"E06000059","Dorset","E01020381","East Dorset 007D",1249922417
"E06000059","Dorset","E01020382","East Dorset 012A",1249922418
"E06000059","Dorset","E01020383","East Dorset 012B",1249922419
"E06000059","Dorset","E01020384","East Dorset 012C",1249922420
"E06000059","Dorset","E01020385","East Dorset 012D",1249922421
"E06000059","Dorset","E01020386","East Dorset 012E",1249922422
"E06000059","Dorset","E01020387","East Dorset 012F",1249922423
"E06000059","Dorset","E01020388","East Dorset 012G",1249922424
"E06000058","Bournemouth, Christchurch and Poole","E01015290","Bournemouth 021D",1249917424
"E06000058","Bournemouth, Christchurch and Poole","E01015387","Poole 009B",1249917520
"E06000058","Bournemouth, Christchurch and Poole","E01015291","Bournemouth 021E",1249917425
"E06000058","Bournemouth, Christchurch and Poole","E01015388","Poole 009C",1249917521
"E06000058","Bournemouth, Christchurch and Poole","E01015292","Bournemouth 015A",1249917426
"E06000058","Bournemouth, Christchurch and Poole","E01015389","Poole 009D",1249917522
"E06000058","Bournemouth, Christchurch and Poole","E01015293","Bournemouth 015B",1249917427
"E06000058","Bournemouth, Christchurch and Poole","E01015390","Poole 010A",1249917523
"E06000058","Bournemouth, Christchurch and Poole","E01015294","Bournemouth 015C",1249917428
"E06000058","Bournemouth, Christchurch and Poole","E01015295","Bournemouth 020A",1249917429
"E06000058","Bournemouth, Christchurch and Poole","E01015296","Bournemouth 020B",1249917430
"E06000058","Bournemouth, Christchurch and Poole","E01015297","Bournemouth 018B",1249917431
"E06000058","Bournemouth, Christchurch and Poole","E01015298","Bournemouth 020C",1249917432
"E06000058","Bournemouth, Christchurch and Poole","E01015299","Bournemouth 020D",1249917433
"E06000058","Bournemouth, Christchurch and Poole","E01015300","Bournemouth 020E",1249917434
"E06000058","Bournemouth, Christchurch and Poole","E01015301","Bournemouth 001A",1249917435
"E06000058","Bournemouth, Christchurch and Poole","E01015302","Bournemouth 002A",1249917436
"E06000058","Bournemouth, Christchurch and Poole","E01015303","Bournemouth 001B",1249917437
"E06000058","Bournemouth, Christchurch and Poole","E01015304","Bournemouth 002B",1249917438
"E06000058","Bournemouth, Christchurch and Poole","E01015305","Bournemouth 001C",1249917439
"E06000058","Bournemouth, Christchurch and Poole","E01015306","Bournemouth 001D",1249917440
"E06000058","Bournemouth, Christchurch and Poole","E01015307","Bournemouth 005A",1249917441
"E06000058","Bournemouth, Christchurch and Poole","E01015308","Bournemouth 002C",1249917442
"E06000058","Bournemouth, Christchurch and Poole","E01015309","Bournemouth 005B",1249917443
"E06000058","Bournemouth, Christchurch and Poole","E01015310","Bournemouth 007A",1249917444
"E06000058","Bournemouth, Christchurch and Poole","E01015311","Bournemouth 002D",1249917445
"E06000058","Bournemouth, Christchurch and Poole","E01015312","Bournemouth 005C",1249917446
"E06000058","Bournemouth, Christchurch and Poole","E01015313","Bournemouth 005D",1249917447
"E06000058","Bournemouth, Christchurch and Poole","E01015314","Bournemouth 011A",1249917448
"E06000058","Bournemouth, Christchurch and Poole","E01015315","Bournemouth 011B",1249917449
"E06000058","Bournemouth, Christchurch and Poole","E01015316","Bournemouth 014A",1249917450
"E06000058","Bournemouth, Christchurch and Poole","E01015317","Bournemouth 014B",1249917451
"E06000058","Bournemouth, Christchurch and Poole","E01015318","Bournemouth 011C",1249917452
"E06000058","Bournemouth, Christchurch and Poole","E01015319","Bournemouth 011D",1249917453
"E06000058","Bournemouth, Christchurch and Poole","E01015320","Bournemouth 006A",1249917454
"E06000058","Bournemouth, Christchurch and Poole","E01015321","Bournemouth 009A",1249917455
"E06000058","Bournemouth, Christchurch and Poole","E01015322","Bournemouth 010A",1249917456
"E06000058","Bournemouth, Christchurch and Poole","E01015424","Poole 016B",1249917557
"E06000058","Bournemouth, Christchurch and Poole","E01015324","Bournemouth 006C",1249917458
"E06000058","Bournemouth, Christchurch and Poole","E01015391","Poole 010B",1249917524
"E06000058","Bournemouth, Christchurch and Poole","E01015392","Poole 010C",1249917525
"E06000058","Bournemouth, Christchurch and Poole","E01015393","Poole 010D",1249917526
"E06000058","Bournemouth, Christchurch and Poole","E01015394","Poole 010E",1249917527
"E06000058","Bournemouth, Christchurch and Poole","E01015395","Poole 003A",1249917528
"E06000058","Bournemouth, Christchurch and Poole","E01015396","Poole 003B",1249917529
"E06000058","Bournemouth, Christchurch and Poole","E01015397","Poole 003C",1249917530
"E06000058","Bournemouth, Christchurch and Poole","E01015398","Poole 003D",1249917531
"E06000058","Bournemouth, Christchurch and Poole","E01015399","Poole 003E",1249917532
"E06000058","Bournemouth, Christchurch and Poole","E01015400","Poole 003F",1249917533
"E06000058","Bournemouth, Christchurch and Poole","E01015401","Poole 003G",1249917534
"E06000058","Bournemouth, Christchurch and Poole","E01015402","Poole 018A",1249917535
"E06000058","Bournemouth, Christchurch and Poole","E01015403","Poole 018B",1249917536
"E06000058","Bournemouth, Christchurch and Poole","E01015404","Poole 018C",1249917537
"E06000058","Bournemouth, Christchurch and Poole","E01015405","Poole 018D",1249917538
"E06000058","Bournemouth, Christchurch and Poole","E01015406","Poole 018E",1249917539
"E06000058","Bournemouth, Christchurch and Poole","E01015407","Poole 005A",1249917540
"E06000058","Bournemouth, Christchurch and Poole","E01015408","Poole 005B",1249917541
"E06000058","Bournemouth, Christchurch and Poole","E01015409","Poole 005C",1249917542
"E06000058","Bournemouth, Christchurch and Poole","E01015410","Poole 005D",1249917543
"E06000058","Bournemouth, Christchurch and Poole","E01015411","Poole 005E",1249917544
"E06000058","Bournemouth, Christchurch and Poole","E01015412","Poole 004A",1249917545
"E06000058","Bournemouth, Christchurch and Poole","E01015413","Poole 004B",1249917546
"E06000058","Bournemouth, Christchurch and Poole","E01015414","Poole 004C",1249917547
"E06000058","Bournemouth, Christchurch and Poole","E01015415","Poole 004D",1249917548
"E06000058","Bournemouth, Christchurch and Poole","E01015416","Poole 004E",1249917549
"E06000058","Bournemouth, Christchurch and Poole","E01015417","Poole 006A",1249917550
"E06000058","Bournemouth, Christchurch and Poole","E01015418","Poole 006B",1249917551
"E06000058","Bournemouth, Christchurch and Poole","E01015419","Poole 006C",1249917552
"E06000058","Bournemouth, Christchurch and Poole","E01015420","Poole 006D",1249917553
"E06000058","Bournemouth, Christchurch and Poole","E01015421","Poole 006E",1249917554
"E06000058","Bournemouth, Christchurch and Poole","E01015422","Poole 006F",1249917555
"E06000058","Bournemouth, Christchurch and Poole","E01015423","Poole 016A",1249917556
"E06000058","Bournemouth, Christchurch and Poole","E01015425","Poole 016C",1249917558
"E06000058","Bournemouth, Christchurch and Poole","E01015325","Bournemouth 006D",1249917459
"E06000058","Bournemouth, Christchurch and Poole","E01015426","Poole 016D",1249917559
"E06000058","Bournemouth, Christchurch and Poole","E01015326","Bournemouth 013A",1249917460
"E06000058","Bournemouth, Christchurch and Poole","E01015427","Poole 014A",1249917560
"E06000058","Bournemouth, Christchurch and Poole","E01015327","Bournemouth 015D",1249917461
"E06000058","Bournemouth, Christchurch and Poole","E01015428","Poole 014B",1249917561
"E06000058","Bournemouth, Christchurch and Poole","E01015429","Poole 014C",1249917562
"E06000058","Bournemouth, Christchurch and Poole","E01015328","Bournemouth 017E",1249917462
"E06000058","Bournemouth, Christchurch and Poole","E01015430","Poole 014D",1249917563
"E06000058","Bournemouth, Christchurch and Poole","E01015329","Bournemouth 015E",1249917463
"E06000058","Bournemouth, Christchurch and Poole","E01015431","Poole 001A",1249917564
"E06000058","Bournemouth, Christchurch and Poole","E01015330","Bournemouth 010B",1249917464
"E06000058","Bournemouth, Christchurch and Poole","E01015432","Poole 001B",1249917565
"E06000058","Bournemouth, Christchurch and Poole","E01015331","Bournemouth 013B",1249917465
"E06000058","Bournemouth, Christchurch and Poole","E01015433","Poole 001C",1249917566
"E06000058","Bournemouth, Christchurch and Poole","E01015332","Bournemouth 003A",1249917466
"E06000058","Bournemouth, Christchurch and Poole","E01015434","Poole 001D",1249917567
"E06000058","Bournemouth, Christchurch and Poole","E01015333","Bournemouth 003B",1249917467
"E06000058","Bournemouth, Christchurch and Poole","E01015435","Poole 002B",1249917568
"E06000058","Bournemouth, Christchurch and Poole","E01015334","Bournemouth 003C",1249917468
"E06000058","Bournemouth, Christchurch and Poole","E01015436","Poole 002C",1249917569
"E06000058","Bournemouth, Christchurch and Poole","E01015437","Poole 002D",1249917570
"E06000058","Bournemouth, Christchurch and Poole","E01015438","Poole 008A",1249917571
"E06000058","Bournemouth, Christchurch and Poole","E01015439","Poole 008B",1249917572
"E06000058","Bournemouth, Christchurch and Poole","E01015440","Poole 011A",1249917573
"E06000058","Bournemouth, Christchurch and Poole","E01015441","Poole 008C",1249917574
"E06000058","Bournemouth, Christchurch and Poole","E01015442","Poole 008D",1249917575
"E06000058","Bournemouth, Christchurch and Poole","E01015443","Poole 008E",1249917576
"E06000058","Bournemouth, Christchurch and Poole","E01015444","Poole 008F",1249917577
"E06000058","Bournemouth, Christchurch and Poole","E01015445","Poole 012A",1249917578
"E06000058","Bournemouth, Christchurch and Poole","E01015446","Poole 012B",1249917579
"E06000058","Bournemouth, Christchurch and Poole","E01015447","Poole 011B",1249917580
"E06000058","Bournemouth, Christchurch and Poole","E01015448","Poole 012C",1249917581
"E06000058","Bournemouth, Christchurch and Poole","E01015449","Poole 011C",1249917582
"E06000058","Bournemouth, Christchurch and Poole","E01015450","Poole 012D",1249917583
"E06000058","Bournemouth, Christchurch and Poole","E01015451","Poole 012E",1249917584
"E06000058","Bournemouth, Christchurch and Poole","E01015452","Poole 017A",1249917585
"E06000058","Bournemouth, Christchurch and Poole","E01015453","Poole 017B",1249917586
"E06000058","Bournemouth, Christchurch and Poole","E01015454","Poole 017C",1249917587
"E06000058","Bournemouth, Christchurch and Poole","E01015455","Poole 017D",1249917588
"E06000058","Bournemouth, Christchurch and Poole","E01015456","Poole 011D",1249917589
"E06000058","Bournemouth, Christchurch and Poole","E01015457","Poole 011E",1249917590
"E06000058","Bournemouth, Christchurch and Poole","E01015458","Poole 013A",1249917591
"E06000058","Bournemouth, Christchurch and Poole","E01015459","Poole 017E",1249917592
"E06000058","Bournemouth, Christchurch and Poole","E01015460","Poole 013B",1249917593
"E06000058","Bournemouth, Christchurch and Poole","E01015461","Poole 013C",1249917594
"E06000058","Bournemouth, Christchurch and Poole","E01015462","Poole 013D",1249917595
"E06000058","Bournemouth, Christchurch and Poole","E01015463","Poole 013E",1249917596
"E06000058","Bournemouth, Christchurch and Poole","E01015464","Poole 013F",1249917597
"E06000058","Bournemouth, Christchurch and Poole","E01015465","Poole 015A",1249917598
"E06000058","Bournemouth, Christchurch and Poole","E01015466","Poole 015B",1249917599
"E06000058","Bournemouth, Christchurch and Poole","E01015468","Poole 015D",1249917600
"E06000058","Bournemouth, Christchurch and Poole","E01020343","Christchurch 001A",1249922379
"E06000058","Bournemouth, Christchurch and Poole","E01020344","Christchurch 001B",1249922380
"E06000058","Bournemouth, Christchurch and Poole","E01020345","Christchurch 001C",1249922381
"E06000058","Bournemouth, Christchurch and Poole","E01020346","Christchurch 005A",1249922382
"E06000058","Bournemouth, Christchurch and Poole","E01020347","Christchurch 005B",1249922383
"E06000058","Bournemouth, Christchurch and Poole","E01020348","Christchurch 005C",1249922384
"E06000058","Bournemouth, Christchurch and Poole","E01015335","Bournemouth 003D",1249917469
"E06000058","Bournemouth, Christchurch and Poole","E01015336","Bournemouth 007B",1249917470
"E06000058","Bournemouth, Christchurch and Poole","E01015337","Bournemouth 003E",1249917471
"E06000058","Bournemouth, Christchurch and Poole","E01015338","Bournemouth 008A",1249917472
"E06000058","Bournemouth, Christchurch and Poole","E01015339","Bournemouth 008B",1249917473
"E06000058","Bournemouth, Christchurch and Poole","E01015340","Bournemouth 008C",1249917474
"E06000058","Bournemouth, Christchurch and Poole","E01015341","Bournemouth 008D",1249917475
"E06000058","Bournemouth, Christchurch and Poole","E01015342","Bournemouth 010C",1249917476
"E06000058","Bournemouth, Christchurch and Poole","E01015343","Bournemouth 004A",1249917477
"E06000058","Bournemouth, Christchurch and Poole","E01015344","Bournemouth 012A",1249917478
"E06000058","Bournemouth, Christchurch and Poole","E01015345","Bournemouth 013C",1249917479
"E06000058","Bournemouth, Christchurch and Poole","E01015346","Bournemouth 012B",1249917480
"E06000058","Bournemouth, Christchurch and Poole","E01015348","Bournemouth 012C",1249917481
"E06000058","Bournemouth, Christchurch and Poole","E01015349","Bournemouth 004B",1249917482
"E06000058","Bournemouth, Christchurch and Poole","E01015350","Bournemouth 006E",1249917483
"E06000058","Bournemouth, Christchurch and Poole","E01015351","Bournemouth 004C",1249917484
"E06000058","Bournemouth, Christchurch and Poole","E01015352","Bournemouth 004D",1249917485
"E06000058","Bournemouth, Christchurch and Poole","E01015353","Bournemouth 004E",1249917486
"E06000058","Bournemouth, Christchurch and Poole","E01015354","Bournemouth 004F",1249917487
"E06000058","Bournemouth, Christchurch and Poole","E01015355","Bournemouth 007C",1249917488
"E06000058","Bournemouth, Christchurch and Poole","E01015356","Bournemouth 009B",1249917489
"E06000058","Bournemouth, Christchurch and Poole","E01015357","Bournemouth 007D",1249917490
"E06000058","Bournemouth, Christchurch and Poole","E01015358","Bournemouth 007E",1249917491
"E06000058","Bournemouth, Christchurch and Poole","E01015359","Bournemouth 005E",1249917492
"E06000058","Bournemouth, Christchurch and Poole","E01015360","Bournemouth 012D",1249917493
"E06000058","Bournemouth, Christchurch and Poole","E01015361","Bournemouth 014C",1249917494
"E06000058","Bournemouth, Christchurch and Poole","E01015362","Bournemouth 014D",1249917495
"E06000058","Bournemouth, Christchurch and Poole","E01015363","Bournemouth 014E",1249917496
"E06000058","Bournemouth, Christchurch and Poole","E01015364","Bournemouth 018C",1249917497
"E06000058","Bournemouth, Christchurch and Poole","E01015365","Bournemouth 018D",1249917498
"E06000058","Bournemouth, Christchurch and Poole","E01015366","Bournemouth 018E",1249917499
"E06000058","Bournemouth, Christchurch and Poole","E01015367","Bournemouth 024A",1249917500
"E06000058","Bournemouth, Christchurch and Poole","E01015368","Bournemouth 024B",1249917501
"E06000058","Bournemouth, Christchurch and Poole","E01015369","Bournemouth 024C",1249917502
"E06000058","Bournemouth, Christchurch and Poole","E01015370","Bournemouth 024D",1249917503
"E06000058","Bournemouth, Christchurch and Poole","E01015371","Bournemouth 023A",1249917504
"E06000058","Bournemouth, Christchurch and Poole","E01015372","Bournemouth 023B",1249917505
"E06000058","Bournemouth, Christchurch and Poole","E01015373","Bournemouth 010D",1249917506
"E06000059","Dorset","E01033158","North Dorset 002F",1249934894
"E06000059","Dorset","E01033159","North Dorset 006F",1249934895
"E06000059","Dorset","E01033200","Weymouth and Portland 008E",1249934932
"E06000059","Dorset","E01020439","North Dorset 007E",1249922475
"E06000059","Dorset","E01020543","West Dorset 001B",1249922575
"E06000059","Dorset","E01020389","East Dorset 001C",1249922425
"E06000059","Dorset","E01020491","Purbeck 004C",1249922525
"E06000059","Dorset","E01020440","North Dorset 002A",1249922476
"E06000059","Dorset","E01020441","North Dorset 008D",1249922477
"E06000059","Dorset","E01020442","North Dorset 006A",1249922478
"E06000059","Dorset","E01020544","West Dorset 001C",1249922576
"E06000059","Dorset","E01020443","North Dorset 001A",1249922479
"E06000059","Dorset","E01020546","West Dorset 001E",1249922577
"E06000059","Dorset","E01020444","North Dorset 005A",1249922480
"E06000059","Dorset","E01020547","West Dorset 001F",1249922578
"E06000059","Dorset","E01020445","North Dorset 005B",1249922481
"E06000059","Dorset","E01020549","West Dorset 011D",1249922579
"E06000059","Dorset","E01020446","North Dorset 005C",1249922482
"E06000059","Dorset","E01020550","West Dorset 002D",1249922580
"E06000059","Dorset","E01020447","North Dorset 001B",1249922483
"E06000059","Dorset","E01020551","Weymouth and Portland 001A",1249922581
"E06000059","Dorset","E01020448","North Dorset 008E",1249922484
"E06000059","Dorset","E01020552","Weymouth and Portland 001B",1249922582
"E06000059","Dorset","E01020449","North Dorset 004C",1249922485
"E06000059","Dorset","E01020553","Weymouth and Portland 004A",1249922583
"E06000059","Dorset","E01020450","North Dorset 002B",1249922486
"E06000059","Dorset","E01020554","Weymouth and Portland 004B",1249922584
"E06000059","Dorset","E01020452","North Dorset 006B",1249922487
"E06000059","Dorset","E01020555","Weymouth and Portland 004C",1249922585
"E06000059","Dorset","E01020453","North Dorset 006C",1249922488
"E06000059","Dorset","E01020556","Weymouth and Portland 004D",1249922586
"E06000059","Dorset","E01020454","North Dorset 003A",1249922489
"E06000059","Dorset","E01020455","North Dorset 003B",1249922490
"E06000059","Dorset","E01020456","North Dorset 003C",1249922491
"E06000059","Dorset","E01020457","North Dorset 003D",1249922492
"E06000059","Dorset","E01020458","North Dorset 004D",1249922493
"E06000059","Dorset","E01020459","North Dorset 004E",1249922494
"E06000059","Dorset","E01020460","North Dorset 005D",1249922495
"E06000059","Dorset","E01020462","North Dorset 002D",1249922496
"E06000059","Dorset","E01020463","North Dorset 001C",1249922497
"E06000059","Dorset","E01020464","North Dorset 001D",1249922498
"E06000059","Dorset","E01020465","Purbeck 001A",1249922499
"E06000059","Dorset","E01020466","Purbeck 005A",1249922500
"E06000059","Dorset","E01020467","Purbeck 005B",1249922501
"E06000059","Dorset","E01020468","Purbeck 005C",1249922502
"E06000059","Dorset","E01020469","Purbeck 001B",1249922503
"E06000059","Dorset","E01020470","Purbeck 001C",1249922504
"E06000059","Dorset","E01020471","Purbeck 002A",1249922505
"E06000059","Dorset","E01020472","Purbeck 002B",1249922506
"E06000059","Dorset","E01020473","Purbeck 002C",1249922507
"E06000059","Dorset","E01020474","Purbeck 002D",1249922508
"E06000059","Dorset","E01020475","Purbeck 002E",1249922509
"E06000059","Dorset","E01020476","Purbeck 003A",1249922510
"E06000059","Dorset","E01020477","Purbeck 003B",1249922511
"E06000059","Dorset","E01020478","Purbeck 006A",1249922512
"E06000059","Dorset","E01020479","Purbeck 006B",1249922513
"E06000059","Dorset","E01020480","Purbeck 006C",1249922514
"E06000059","Dorset","E01020481","Purbeck 006D",1249922515
"E06000059","Dorset","E01020482","Purbeck 006E",1249922516
"E06000059","Dorset","E01020483","Purbeck 006F",1249922517
"E06000059","Dorset","E01020484","Purbeck 006G",1249922518
"E06000059","Dorset","E01020485","Purbeck 003C",1249922519
"E06000059","Dorset","E01020486","Purbeck 003D",1249922520
"E06000059","Dorset","E01020487","Purbeck 003E",1249922521
"E06000059","Dorset","E01020488","Purbeck 003F",1249922522
"E06000059","Dorset","E01020489","Purbeck 004A",1249922523
"E06000059","Dorset","E01020490","Purbeck 004B",1249922524
"E06000059","Dorset","E01020492","Purbeck 004D",1249922526
"E06000059","Dorset","E01020390","East Dorset 008A",1249922426
"E06000059","Dorset","E01020391","East Dorset 008B",1249922427
"E06000059","Dorset","E01020392","East Dorset 008C",1249922428
"E06000059","Dorset","E01020393","East Dorset 008D",1249922429
"E06000059","Dorset","E01020493","Purbeck 004E",1249922527
"E06000059","Dorset","E01020557","Weymouth and Portland 002A",1249922587
"E06000059","Dorset","E01020394","East Dorset 008E",1249922430
"E06000059","Dorset","E01020494","West Dorset 003A",1249922528
"E06000059","Dorset","E01020558","Weymouth and Portland 002B",1249922588
"E06000059","Dorset","E01020395","East Dorset 011A",1249922431
"E06000059","Dorset","E01020495","West Dorset 003B",1249922529
"E06000059","Dorset","E01020559","Weymouth and Portland 002C",1249922589
"E06000059","Dorset","E01020396","East Dorset 005A",1249922432
"E06000059","Dorset","E01020496","West Dorset 003C",1249922530
"E06000059","Dorset","E01020560","Weymouth and Portland 002D",1249922590
"E06000059","Dorset","E01020397","East Dorset 001D",1249922433
"E06000059","Dorset","E01020497","West Dorset 002A",1249922531
"E06000059","Dorset","E01020561","Weymouth and Portland 002E",1249922591
"E06000059","Dorset","E01020562","Weymouth and Portland 009A",1249922592
"E06000059","Dorset","E01020563","Weymouth and Portland 008A",1249922593
"E06000059","Dorset","E01020564","Weymouth and Portland 009B",1249922594
"E06000059","Dorset","E01020565","Weymouth and Portland 009C",1249922595
"E06000059","Dorset","E01020566","Weymouth and Portland 009D",1249922596
"E06000059","Dorset","E01020569","Weymouth and Portland 008D",1249922597
"E06000059","Dorset","E01020570","Weymouth and Portland 001C",1249922598
"E06000059","Dorset","E01020571","Weymouth and Portland 001D",1249922599
"E06000059","Dorset","E01020572","Weymouth and Portland 005A",1249922600
"E06000059","Dorset","E01020573","Weymouth and Portland 005B",1249922601
"E06000059","Dorset","E01020574","Weymouth and Portland 003A",1249922602
"E06000059","Dorset","E01020575","Weymouth and Portland 003B",1249922603
"E06000059","Dorset","E01020576","Weymouth and Portland 003C",1249922604
"E06000059","Dorset","E01020577","Weymouth and Portland 005C",1249922605
"E06000059","Dorset","E01020578","Weymouth and Portland 005D",1249922606
"E06000059","Dorset","E01020579","Weymouth and Portland 003D",1249922607
"E06000059","Dorset","E01020580","Weymouth and Portland 003E",1249922608
"E06000059","Dorset","E01020581","Weymouth and Portland 004E",1249922609
"E06000059","Dorset","E01020582","Weymouth and Portland 004F",1249922610
"E06000059","Dorset","E01020583","Weymouth and Portland 006A",1249922611
"E06000059","Dorset","E01020584","Weymouth and Portland 006B",1249922612
"E06000059","Dorset","E01020585","Weymouth and Portland 006C",1249922613
"E06000059","Dorset","E01020586","Weymouth and Portland 007A",1249922614
"E06000059","Dorset","E01020587","Weymouth and Portland 007B",1249922615
"E06000059","Dorset","E01020588","Weymouth and Portland 007C",1249922616
"E06000059","Dorset","E01020589","Weymouth and Portland 007D",1249922617
"E06000059","Dorset","E01032641","West Dorset 009F",1249934419
"E06000059","Dorset","E01032642","West Dorset 001H",1249934420
"E06000059","Dorset","E01032643","West Dorset 009G",1249934421
"E06000059","Dorset","E01032644","West Dorset 009H",1249934422
"E06000059","Dorset","E01032645","West Dorset 009I",1249934423
"E06000059","Dorset","E01033154","North Dorset 006E",1249934892
"E06000059","Dorset","E01033156","North Dorset 002E",1249934893
"E06000059","Dorset","E01020398","East Dorset 005B",1249922434
"E06000059","Dorset","E01020498","West Dorset 006A",1249922532
"E06000059","Dorset","E01020499","West Dorset 006B",1249922533
"E06000059","Dorset","E01020500","West Dorset 006C",1249922534
"E06000059","Dorset","E01020501","West Dorset 006D",1249922535
"E06000059","Dorset","E01020502","West Dorset 008A",1249922536
"E06000059","Dorset","E01020399","East Dorset 011B",1249922435
"E06000059","Dorset","E01020503","West Dorset 008B",1249922537
"E06000059","Dorset","E01020400","East Dorset 011C",1249922436
"E06000059","Dorset","E01020504","West Dorset 008C",1249922538
"E06000059","Dorset","E01020401","East Dorset 011D",1249922437
"E06000059","Dorset","E01020505","West Dorset 011A",1249922539
"E06000059","Dorset","E01020402","East Dorset 011E",1249922438
"E06000059","Dorset","E01020506","West Dorset 003D",1249922540
"E06000059","Dorset","E01020507","West Dorset 007A",1249922541
"E06000059","Dorset","E01020508","West Dorset 002B",1249922542
"E06000059","Dorset","E01020509","West Dorset 004A",1249922543
"E06000059","Dorset","E01020510","West Dorset 004B",1249922544
"E06000059","Dorset","E01020511","West Dorset 005A",1249922545
"E06000059","Dorset","E01020512","West Dorset 012A",1249922546
"E06000059","Dorset","E01020513","West Dorset 012B",1249922547
"E06000059","Dorset","E01020514","West Dorset 012C",1249922548
"E06000059","Dorset","E01020515","West Dorset 012D",1249922549
"E06000059","Dorset","E01020516","West Dorset 012E",1249922550
"E06000059","Dorset","E01020517","West Dorset 007B",1249922551
"E06000059","Dorset","E01020518","West Dorset 010A",1249922552
"E06000059","Dorset","E01020519","West Dorset 010B",1249922553
"E06000059","Dorset","E01020520","West Dorset 010C",1249922554
"E06000059","Dorset","E01020523","West Dorset 010D",1249922555
"E06000059","Dorset","E01020524","West Dorset 010E",1249922556
"E06000059","Dorset","E01020525","West Dorset 010F",1249922557
"E06000059","Dorset","E01020526","West Dorset 009C",1249922558
"E06000059","Dorset","E01020527","West Dorset 009D",1249922559
"E06000059","Dorset","E01020528","West Dorset 009E",1249922560
"E06000059","Dorset","E01020529","West Dorset 004C",1249922561
"E06000059","Dorset","E01020530","West Dorset 003E",1249922562
"E06000059","Dorset","E01020531","West Dorset 007C",1249922563
"E06000059","Dorset","E01020532","West Dorset 005B",1249922564
"E06000059","Dorset","E01020533","West Dorset 005C",1249922565
"E06000059","Dorset","E01020534","West Dorset 003F",1249922566
"E06000059","Dorset","E01020535","West Dorset 005D",1249922567
"E06000059","Dorset","E01020536","West Dorset 007D",1249922568
"E06000059","Dorset","E01020537","West Dorset 011B",1249922569
"E06000059","Dorset","E01020538","West Dorset 011C",1249922570
"E06000059","Dorset","E01020539","West Dorset 004D",1249922571
"E06000059","Dorset","E01020540","West Dorset 004E",1249922572
"E06000059","Dorset","E01020541","West Dorset 002C",1249922573
"E06000059","Dorset","E01020542","West Dorset 001A",1249922574
"E06000059","Dorset","E01020403","East Dorset 004A",1249922439
"E06000059","Dorset","E01020404","East Dorset 004B",1249922440
"E06000059","Dorset","E01020405","East Dorset 004C",1249922441
"E06000059","Dorset","E01020406","East Dorset 004D",1249922442
"E06000059","Dorset","E01020407","East Dorset 009D",1249922443
"E06000059","Dorset","E01020408","East Dorset 009E",1249922444
"E06000059","Dorset","E01020409","East Dorset 005C",1249922445
"E06000059","Dorset","E01020410","East Dorset 005D",1249922446
"E06000059","Dorset","E01020411","East Dorset 003A",1249922447
"E06000059","Dorset","E01020412","East Dorset 003B",1249922448
"E06000059","Dorset","E01020413","East Dorset 003C",1249922449
"E06000059","Dorset","E01020414","East Dorset 003D",1249922450
"E06000059","Dorset","E01020415","East Dorset 003E",1249922451
"E06000059","Dorset","E01020416","East Dorset 002A",1249922452
"E06000059","Dorset","E01020417","East Dorset 002B",1249922453
"E06000059","Dorset","E01020418","East Dorset 002C",1249922454
"E06000059","Dorset","E01020419","East Dorset 002D",1249922455
"E06000059","Dorset","E01020420","East Dorset 002E",1249922456
"E06000059","Dorset","E01020421","East Dorset 006A",1249922457
"E06000059","Dorset","E01020422","East Dorset 006B",1249922458
"E06000059","Dorset","E01020423","East Dorset 006C",1249922459
"E06000059","Dorset","E01020424","East Dorset 006D",1249922460
"E06000059","Dorset","E01020425","East Dorset 006E",1249922461
"E06000059","Dorset","E01020426","East Dorset 010A",1249922462
"E06000059","Dorset","E01020427","East Dorset 010B",1249922463
"E06000059","Dorset","E01020428","East Dorset 010C",1249922464
"E06000059","Dorset","E01020429","East Dorset 010D",1249922465
"E06000059","Dorset","E01020430","North Dorset 008A",1249922466
"E06000059","Dorset","E01020431","North Dorset 008B",1249922467
"E06000059","Dorset","E01020432","North Dorset 008C",1249922468
"E06000059","Dorset","E01020433","North Dorset 004A",1249922469
"E06000059","Dorset","E01020434","North Dorset 004B",1249922470
"E06000059","Dorset","E01020435","North Dorset 007A",1249922471
"E06000059","Dorset","E01020436","North Dorset 007B",1249922472
"E06000059","Dorset","E01020437","North Dorset 007C",1249922473
"E06000059","Dorset","E01020438","North Dorset 007D",1249922474
